Label,Prediction
Covid,Covid
Covid,Covid
Non-Covid,Non-Covid
Covid,Covid
Covid,Covid
Non-Covid,Non-Covid
Covid,Covid
Non-Covid,Non-Covid
Non-Covid,Non-Covid
Non-Covid,Non-Covid
Covid,Covid
Non-Covid,Non-Covid
Covid,Covid
Non-Covid,Non-Covid
Non-Covid,Covid
Non-Covid,Non-Covid
Non-Covid,Non-Covid
Non-Covid,Non-Covid
Non-Covid,Non-Covid
Covid,Covid
Covid,Covid
Covid,Covid
Non-Covid,Non-Covid
Non-Covid,Non-Covid
Non-Covid,Non-Covid
Non-Covid,Non-Covid
Covid,Covid
Covid,Covid
Non-Covid,Non-Covid
Non-Covid,Non-Covid
Non-Covid,Non-Covid
Covid,Covid
Non-Covid,Non-Covid
Covid,Covid
Non-Covid,Non-Covid
Non-Covid,Non-Covid
Covid,Covid
Covid,Covid
Non-Covid,Non-Covid
Covid,Covid
Non-Covid,Non-Covid
Non-Covid,Covid
Covid,Covid
Non-Covid,Non-Covid
Non-Covid,Non-Covid
Non-Covid,Non-Covid
Covid,Covid
Covid,Covid
Non-Covid,Non-Covid
Non-Covid,Non-Covid
Non-Covid,Non-Covid
Non-Covid,Non-Covid
Non-Covid,Non-Covid
Non-Covid,Non-Covid
Covid,Covid
Non-Covid,Non-Covid
Non-Covid,Non-Covid
Non-Covid,Non-Covid
Covid,Covid
Covid,Covid
Non-Covid,Non-Covid
Covid,Covid
Covid,Covid
Non-Covid,Non-Covid
Covid,Covid
Covid,Covid
Covid,Covid
Covid,Covid
Covid,Covid
Covid,Covid
Covid,Covid
Non-Covid,Non-Covid
Non-Covid,Non-Covid
Covid,Covid
Non-Covid,Non-Covid
Non-Covid,Non-Covid
Covid,Covid
Non-Covid,Non-Covid
Covid,Covid
Covid,Covid
Covid,Covid
Non-Covid,Non-Covid
Non-Covid,Non-Covid
Covid,Covid
Covid,Covid
Non-Covid,Non-Covid
Non-Covid,Non-Covid
Covid,Covid
Covid,Covid
Non-Covid,Non-Covid
Covid,Covid
Non-Covid,Non-Covid
Non-Covid,Non-Covid
Non-Covid,Non-Covid
Covid,Covid
Non-Covid,Non-Covid
Covid,Covid
Non-Covid,Non-Covid
Non-Covid,Non-Covid
Non-Covid,Non-Covid
Covid,Covid
Non-Covid,Non-Covid
Covid,Covid
Covid,Covid
Covid,Covid
Non-Covid,Non-Covid
Covid,Covid
Covid,Covid
Covid,Covid
Non-Covid,Non-Covid
Non-Covid,Non-Covid
Non-Covid,Non-Covid
Covid,Covid
Non-Covid,Non-Covid
Covid,Covid
Covid,Covid
Non-Covid,Covid
Non-Covid,Non-Covid
Non-Covid,Covid
Non-Covid,Non-Covid
Covid,Covid
Covid,Covid
Non-Covid,Non-Covid
Covid,Covid
Non-Covid,Non-Covid
Non-Covid,Non-Covid
Non-Covid,Non-Covid
Non-Covid,Non-Covid
Non-Covid,Non-Covid
Non-Covid,Non-Covid
Non-Covid,Non-Covid
Non-Covid,Non-Covid
Non-Covid,Non-Covid
Non-Covid,Non-Covid
Covid,Covid
Covid,Covid
Covid,Covid
Non-Covid,Non-Covid
Non-Covid,Non-Covid
Covid,Covid
Non-Covid,Non-Covid
Non-Covid,Non-Covid
Covid,Covid
Non-Covid,Non-Covid
Non-Covid,Non-Covid
Non-Covid,Non-Covid
Non-Covid,Non-Covid
Covid,Covid
Covid,Covid
Non-Covid,Non-Covid
Non-Covid,Non-Covid
Non-Covid,Non-Covid
Non-Covid,Non-Covid
Non-Covid,Non-Covid
Covid,Covid
Covid,Covid
Non-Covid,Non-Covid
Non-Covid,Non-Covid
Non-Covid,Non-Covid
Non-Covid,Non-Covid
Non-Covid,Non-Covid
Non-Covid,Non-Covid
Covid,Covid
Non-Covid,Non-Covid
Covid,Covid
Covid,Covid
Non-Covid,Non-Covid
Covid,Covid
Non-Covid,Non-Covid
Covid,Covid
Covid,Covid
Covid,Covid
Covid,Covid
Covid,Covid
Non-Covid,Non-Covid
Covid,Covid
Covid,Covid
Non-Covid,Non-Covid
Covid,Covid
Non-Covid,Non-Covid
Non-Covid,Covid
Covid,Covid
Covid,Covid
Covid,Covid
Non-Covid,Non-Covid
Covid,Covid
Non-Covid,Non-Covid
Non-Covid,Covid
Covid,Covid
Non-Covid,Non-Covid
Non-Covid,Non-Covid
Covid,Covid
Covid,Covid
Non-Covid,Non-Covid
Covid,Covid
Covid,Covid
Covid,Covid
Covid,Covid
Covid,Covid
Non-Covid,Non-Covid
Non-Covid,Covid
Covid,Covid
Covid,Covid
Non-Covid,Non-Covid
Non-Covid,Non-Covid
Covid,Covid
Covid,Covid
Covid,Covid
Non-Covid,Non-Covid
Non-Covid,Non-Covid
Covid,Covid
Non-Covid,Non-Covid
Non-Covid,Non-Covid
Covid,Covid
Covid,Covid
Non-Covid,Non-Covid
Non-Covid,Non-Covid
Non-Covid,Non-Covid
Covid,Covid
Covid,Covid
Covid,Covid
Covid,Covid
Covid,Covid
Covid,Covid
Non-Covid,Covid
Non-Covid,Non-Covid
Non-Covid,Non-Covid
Non-Covid,Non-Covid
Non-Covid,Non-Covid
Covid,Covid
Non-Covid,Non-Covid
Covid,Covid
Covid,Covid
Covid,Covid
Covid,Covid
Non-Covid,Non-Covid
Covid,Covid
Non-Covid,Non-Covid
Non-Covid,Non-Covid
Non-Covid,Non-Covid
Covid,Covid
Non-Covid,Non-Covid
Covid,Covid
Covid,Covid
Covid,Covid
Non-Covid,Non-Covid
Covid,Covid
Non-Covid,Non-Covid
Covid,Covid
Covid,Covid
Non-Covid,Non-Covid
Covid,Covid
Covid,Covid
Covid,Covid
Non-Covid,Non-Covid
Covid,Covid
Covid,Covid
Covid,Covid
Covid,Covid
Non-Covid,Non-Covid
Covid,Covid
Covid,Covid
Non-Covid,Non-Covid
Covid,Covid
Covid,Covid
Non-Covid,Non-Covid
Covid,Covid
Non-Covid,Covid
Covid,Covid
Covid,Covid
Covid,Covid
Non-Covid,Non-Covid
Non-Covid,Non-Covid
Covid,Covid
Covid,Covid
Non-Covid,Non-Covid
Non-Covid,Non-Covid
Non-Covid,Non-Covid
Covid,Covid
Non-Covid,Non-Covid
Non-Covid,Non-Covid
Non-Covid,Non-Covid
Non-Covid,Non-Covid
Covid,Covid
Covid,Covid
Covid,Covid
Non-Covid,Non-Covid
Non-Covid,Non-Covid
Covid,Covid
Covid,Covid
Non-Covid,Non-Covid
Non-Covid,Non-Covid
Non-Covid,Non-Covid
Non-Covid,Non-Covid
Non-Covid,Non-Covid
Non-Covid,Non-Covid
Non-Covid,Non-Covid
Covid,Covid
Non-Covid,Covid
Non-Covid,Non-Covid
Covid,Covid
Non-Covid,Non-Covid
Non-Covid,Non-Covid
Covid,Covid
Non-Covid,Non-Covid
Non-Covid,Non-Covid
Covid,Covid
Non-Covid,Non-Covid
Covid,Non-Covid
Non-Covid,Non-Covid
Covid,Covid
Non-Covid,Non-Covid
Covid,Covid
Covid,Covid
Covid,Covid
Non-Covid,Non-Covid
Non-Covid,Non-Covid
Non-Covid,Non-Covid
Non-Covid,Non-Covid
Covid,Covid
Non-Covid,Non-Covid
Non-Covid,Non-Covid
Non-Covid,Non-Covid
Non-Covid,Non-Covid
Non-Covid,Non-Covid
Non-Covid,Non-Covid
Covid,Non-Covid
Non-Covid,Non-Covid
Covid,Covid
Non-Covid,Non-Covid
Non-Covid,Non-Covid
Covid,Covid
Non-Covid,Non-Covid
Non-Covid,Non-Covid
Covid,Covid
Covid,Covid
Non-Covid,Non-Covid
Non-Covid,Non-Covid
Non-Covid,Non-Covid
Non-Covid,Non-Covid
Non-Covid,Non-Covid
Non-Covid,Non-Covid
Non-Covid,Non-Covid
Covid,Covid
Covid,Covid
Covid,Covid
Non-Covid,Non-Covid
Covid,Covid
Covid,Covid
Non-Covid,Non-Covid
Non-Covid,Non-Covid
Non-Covid,Non-Covid
Covid,Covid
Covid,Covid
Covid,Covid
Non-Covid,Non-Covid
Covid,Covid
Non-Covid,Non-Covid
Non-Covid,Covid
Non-Covid,Non-Covid
Non-Covid,Non-Covid
Covid,Covid
Non-Covid,Non-Covid
Covid,Covid
Non-Covid,Non-Covid
Covid,Covid
Covid,Covid
Covid,Covid
Covid,Covid
Non-Covid,Non-Covid
Non-Covid,Non-Covid
Covid,Covid
Non-Covid,Non-Covid
Non-Covid,Non-Covid
Covid,Covid
Non-Covid,Non-Covid
Non-Covid,Non-Covid
Covid,Covid
Non-Covid,Non-Covid
Non-Covid,Covid
Non-Covid,Non-Covid
Non-Covid,Non-Covid
Non-Covid,Non-Covid
Covid,Covid
Covid,Covid
Covid,Covid
Non-Covid,Non-Covid
Non-Covid,Non-Covid
Covid,Covid
Covid,Covid
Non-Covid,Non-Covid
Non-Covid,Non-Covid
Covid,Covid
Covid,Covid
Non-Covid,Non-Covid
Non-Covid,Non-Covid
Non-Covid,Non-Covid
Covid,Covid
Covid,Covid
Non-Covid,Non-Covid
Covid,Covid
Covid,Covid
Non-Covid,Non-Covid
Non-Covid,Non-Covid
Covid,Covid
Non-Covid,Non-Covid
Covid,Covid
Non-Covid,Non-Covid
Non-Covid,Non-Covid
Non-Covid,Non-Covid
Non-Covid,Non-Covid
Non-Covid,Non-Covid
Non-Covid,Non-Covid
Covid,Covid
Covid,Covid
Covid,Covid
Non-Covid,Non-Covid
Covid,Covid
Non-Covid,Non-Covid
Covid,Covid
Non-Covid,Non-Covid
Covid,Covid
Non-Covid,Covid
Covid,Covid
Covid,Covid
Non-Covid,Non-Covid
Covid,Covid
Covid,Covid
Non-Covid,Covid
Covid,Covid
Covid,Covid
Non-Covid,Non-Covid
Non-Covid,Non-Covid
Non-Covid,Non-Covid
Covid,Covid
Covid,Covid
Non-Covid,Non-Covid
Non-Covid,Non-Covid
Non-Covid,Non-Covid
Covid,Covid
Covid,Covid
Non-Covid,Non-Covid
Covid,Covid
Non-Covid,Non-Covid
Covid,Covid
Non-Covid,Non-Covid
Non-Covid,Covid
Covid,Covid
Non-Covid,Non-Covid
Covid,Covid
Non-Covid,Non-Covid
Covid,Covid
Covid,Covid
Covid,Covid
Covid,Covid
Non-Covid,Non-Covid
Non-Covid,Non-Covid
Non-Covid,Non-Covid
Non-Covid,Non-Covid
Covid,Covid
Covid,Covid
Covid,Covid
Covid,Covid
Covid,Covid
Non-Covid,Non-Covid
Covid,Covid
Non-Covid,Non-Covid
Non-Covid,Non-Covid
Non-Covid,Non-Covid
Non-Covid,Non-Covid
Non-Covid,Non-Covid
Non-Covid,Non-Covid
Covid,Covid
Covid,Covid
Covid,Covid
Non-Covid,Non-Covid
Non-Covid,Non-Covid
Non-Covid,Non-Covid
Covid,Covid
Covid,Covid
Covid,Covid
Non-Covid,Non-Covid
Non-Covid,Non-Covid
Covid,Covid
Covid,Covid
Covid,Covid
Covid,Covid
Covid,Covid
Covid,Covid
Non-Covid,Covid
Non-Covid,Non-Covid
Non-Covid,Non-Covid
Non-Covid,Non-Covid
Non-Covid,Non-Covid
Non-Covid,Non-Covid
Covid,Covid
Non-Covid,Non-Covid
Non-Covid,Non-Covid
Non-Covid,Non-Covid
Non-Covid,Covid
